INSERT INTO tb_product (name, price, image_Uri, description) VALUES ('Pizza Bacon', 49.9, 'https://raw.githubusercontent.com/devsuperior/sds2/master/assets/pizza_bacon.jpg', 'Pizza de bacon com mussarela, orégano, molho especial e tempero da casa.');
INSERT INTO tb_product (name, price, image_Uri, description) VALUES ('Pizza Moda da Casa', 59.9, 'https://raw.githubusercontent.com/devsuperior/sds2/master/assets/pizza_moda.jpg', 'Pizza à moda da casa, com molho especial e todos ingredientes básicos, e queijo à sua escolha.');
INSERT INTO tb_product (name, price, image_Uri, description) VALUES ('Pizza Portuguesa', 45.0, 'https://raw.githubusercontent.com/devsuperior/sds2/master/assets/pizza_portuguesa.jpg', 'Pizza Portuguesa com molho especial, mussarela, presunto, ovos e especiarias.');
INSERT INTO tb_product (name, price, image_Uri, description) VALUES ('Risoto de Carne', 52.0, 'https://raw.githubusercontent.com/devsuperior/sds2/master/assets/risoto_carne.jpg', 'Risoto de carne com especiarias e um delicioso molho de acompanhamento.');
INSERT INTO tb_product (name, price, image_Uri, description) VALUES ('Risoto Funghi', 59.95, 'https://raw.githubusercontent.com/devsuperior/sds2/master/assets/risoto_funghi.jpg', 'Risoto Funghi feito com ingredientes finos e o toque especial do chef.');
INSERT INTO tb_product (name, price, image_Uri, description) VALUES ('Macarrão Espaguete', 35.9, 'https://raw.githubusercontent.com/devsuperior/sds2/master/assets/macarrao_espaguete.jpg', 'Macarrão fresco espaguete com molho especial e tempero da casa.');
INSERT INTO tb_product (name, price, image_Uri, description) VALUES ('Macarrão Fusili', 38.0, 'https://raw.githubusercontent.com/devsuperior/sds2/master/assets/macarrao_fusili.jpg', 'Macarrão fusili com toque do chef e especiarias.');
INSERT INTO tb_product (name, price, image_Uri, description) VALUES ('Macarrão Penne', 37.9, 'https://raw.githubusercontent.com/devsuperior/sds2/master/assets/macarrao_penne.jpg', 'Macarrão penne fresco ao dente com tempero especial.');

INSERT INTO tb_order (status, latitude, longitude, address, moment) VALUES (0, -23.561680, -46.656139, 'Avenida Paulista, 1500', TIMESTAMP WITH TIME ZONE '2021-01-01T10:00:00Z');
INSERT INTO tb_order (status, latitude, longitude, address, moment) VALUES (1, -22.946779, -43.217753, 'Avenida Paulista, 1500', TIMESTAMP WITH TIME ZONE '2021-01-01T15:00:00Z');
INSERT INTO tb_order (status, latitude, longitude, address, moment) VALUES (0, -25.439787, -49.237759, 'Avenida Paulista, 1500', TIMESTAMP WITH TIME ZONE '2021-01-01T16:00:00Z');
INSERT INTO tb_order (status, latitude, longitude, address, moment) VALUES (0, -23.561680, -46.656139, 'Avenida Paulista, 1500', TIMESTAMP WITH TIME ZONE '2021-01-01T12:00:00Z');
INSERT INTO tb_order (status, latitude, longitude, address, moment) VALUES (1, -23.561680, -46.656139, 'Avenida Paulista, 1500', TIMESTAMP WITH TIME ZONE '2021-01-01T08:00:00Z');
INSERT INTO tb_order (status, latitude, longitude, address, moment) VALUES (0, -23.561680, -46.656139, 'Avenida Paulista, 1500', TIMESTAMP WITH TIME ZONE '2021-01-01T14:00:00Z');
INSERT INTO tb_order (status, latitude, longitude, address, moment) VALUES (0, -23.561680, -46.656139, 'Avenida Paulista, 1500', TIMESTAMP WITH TIME ZONE '2021-01-01T09:00:00Z');

INSERT INTO tb_order_product (order_id, product_id) VALUES (1 , 1);
INSERT INTO tb_order_product (order_id, product_id) VALUES (1 , 4);
INSERT INTO tb_order_product (order_id, product_id) VALUES (2 , 2);
INSERT INTO tb_order_product (order_id, product_id) VALUES (2 , 5);
INSERT INTO tb_order_product (order_id, product_id) VALUES (2 , 8);
INSERT INTO tb_order_product (order_id, product_id) VALUES (3 , 3);
INSERT INTO tb_order_product (order_id, product_id) VALUES (3 , 4);
INSERT INTO tb_order_product (order_id, product_id) VALUES (4 , 2);
INSERT INTO tb_order_product (order_id, product_id) VALUES (4 , 6);
INSERT INTO tb_order_product (order_id, product_id) VALUES (5 , 4);
INSERT INTO tb_order_product (order_id, product_id) VALUES (5 , 6);
INSERT INTO tb_order_product (order_id, product_id) VALUES (6 , 5);
INSERT INTO tb_order_product (order_id, product_id) VALUES (6 , 1);
INSERT INTO tb_order_product (order_id, product_id) VALUES (7 , 7);
INSERT INTO tb_order_product (order_id, product_id) VALUES (7 , 5);


INSERT INTO usuario (codigo, nome, email, senha) values (1, 'Administrador', 'admin@desafioaws.com', '$2a$10$X607ZPhQ4EgGNaYKt3n4SONjIv9zc.VMWdEuhCuba7oLAL5IvcL5.');
INSERT INTO usuario (codigo, nome, email, senha) values (2, 'John Tester', 'john@desafioaws.com', '$2a$10$Zc3w6HyuPOPXamaMhh.PQOXvDnEsadztbfi6/RyZWJDzimE8WQjaq');

INSERT INTO permissao (codigo, descricao) values (1, 'ROLE_CADASTRAR_CATEGORIA');
INSERT INTO permissao (codigo, descricao) values (2, 'ROLE_PESQUISAR_CATEGORIA');

INSERT INTO permissao (codigo, descricao) values (3, 'ROLE_CADASTRAR_PESSOA');
INSERT INTO permissao (codigo, descricao) values (4, 'ROLE_REMOVER_PESSOA');
INSERT INTO permissao (codigo, descricao) values (5, 'ROLE_PESQUISAR_PESSOA');

INSERT INTO permissao (codigo, descricao) values (6, 'ROLE_CADASTRAR_LANCAMENTO');
INSERT INTO permissao (codigo, descricao) values (7, 'ROLE_REMOVER_LANCAMENTO');
INSERT INTO permissao (codigo, descricao) values (8, 'ROLE_PESQUISAR_LANCAMENTO');

-- admin
INSERT INTO usuario_permissao (codigo_usuario, codigo_permissao) values (1, 1);
INSERT INTO usuario_permissao (codigo_usuario, codigo_permissao) values (1, 2);
INSERT INTO usuario_permissao (codigo_usuario, codigo_permissao) values (1, 3);
INSERT INTO usuario_permissao (codigo_usuario, codigo_permissao) values (1, 4);
INSERT INTO usuario_permissao (codigo_usuario, codigo_permissao) values (1, 5);
INSERT INTO usuario_permissao (codigo_usuario, codigo_permissao) values (1, 6);
INSERT INTO usuario_permissao (codigo_usuario, codigo_permissao) values (1, 7);
INSERT INTO usuario_permissao (codigo_usuario, codigo_permissao) values (1, 8);

-- maria
INSERT INTO usuario_permissao (codigo_usuario, codigo_permissao) values (2, 2);
INSERT INTO usuario_permissao (codigo_usuario, codigo_permissao) values (2, 5);
INSERT INTO usuario_permissao (codigo_usuario, codigo_permissao) values (2, 8);